,year,total ridership,percentage,grow percentage to 2015
0,2015,9937969,1.0,0.0
1,2016,13845655,1.3932077067255895,0.3932077067255895
2,2017,16364657,1.6466802220856194,0.6466802220856193
