,year,averagemiles
0,2015,120.2245757215198
1,2016,122.98920992416626
2,2017,122.98920992416626
